<?xml version="1.0" encoding="UTF-8" standalone="no" ?>
<PhysicalModelingXMLFile>

  <formatVersion>"1.0.4"</formatVersion>

  <internalVersion>1</internalVersion>

  <createdUsing>"SimMechanics Link Version 4.2"</createdUsing>

  <createdFrom>"Pro/E Wildfire Wildfire 5.0 - 2009360"</createdFrom>

  <createdOn>"03/06/14||11:22:35"</createdOn>

  <createdBy>"mohammad tariq"</createdBy>

  <name>"ASM0001"</name>

  <SimMechanics>
    <name>"ASM0001"</name>
    <nodeID>"ASM0001"</nodeID>
    <bodies>
      <Body>
        <name>"GROUND"</name>
        <nodeID>"39"</nodeID>
        <status>""</status>
        <mass>39.3701</mass>
        <massUnits>"kg"</massUnits>
        <inertia>0.000328084,0,0,0,0.000328084,0,0,0,0.000656168</inertia>
        <inertiaUnits>"kg*m^2"</inertiaUnits>
        <volume>1</volume>
        <volumeUnits>"mm^3"</volumeUnits>
        <surfaceArea>200.4</surfaceArea>
        <surfaceAreaUnits>"mm^2"</surfaceAreaUnits>
        <frames>
          <Frame>
            <name>"CG"</name>
            <displayName>""</displayName>
            <nodeID>"39::CG(AUTOGEN)"</nodeID>
            <position>0,0,0.005</position>
            <positionOrigin>"WORLD"</positionOrigin>
            <positionReferenceFrame>"WORLD"</positionReferenceFrame>
            <positionUnits>"mm"</positionUnits>
            <orientation>1,0,0,0,1,0,0,0,1</orientation>
            <orientationType>"3x3 Transform"</orientationType>
            <orientationUnits>"rad"</orientationUnits>
            <orientationReferenceFrame>"WORLD"</orientationReferenceFrame>
          </Frame>
          <Frame>
            <name>"CS1"</name>
            <displayName>""</displayName>
            <nodeID>"39::CS1(AUTOGEN)"</nodeID>
            <position>0,0,0</position>
            <positionOrigin>"WORLD"</positionOrigin>
            <positionReferenceFrame>"WORLD"</positionReferenceFrame>
            <positionUnits>"mm"</positionUnits>
            <orientation>1,0,0,0,1,0,0,0,1</orientation>
            <orientationType>"3x3 Transform"</orientationType>
            <orientationUnits>"rad"</orientationUnits>
            <orientationReferenceFrame>"WORLD"</orientationReferenceFrame>
          </Frame>
          <Frame ref="2">
            <name>"CS2"</name>
            <displayName>""</displayName>
            <nodeID>":-:39::39(AUTOGEN)"</nodeID>
            <position>0.137592,-0.0948806,0.00662651</position>
            <positionOrigin>"WORLD"</positionOrigin>
            <positionReferenceFrame>"WORLD"</positionReferenceFrame>
            <positionUnits>"mm"</positionUnits>
            <orientation>1,0,0,0,1,0,0,0,1</orientation>
            <orientationType>"3x3 Transform"</orientationType>
            <orientationUnits>"rad"</orientationUnits>
            <orientationReferenceFrame>"WORLD"</orientationReferenceFrame>
          </Frame>
        </frames>
        <geometryFileName>"GROUND_prt.stl"</geometryFileName>
        <MaterialProp>
          <color>1,1,0</color>
          <ambient>0.9</ambient>
          <diffuse>0.9</diffuse>
          <specular>0.5</specular>
          <shininess>0.5</shininess>
          <transparency>0</transparency>
          <emission>0.25</emission>
        </MaterialProp>
      </Body>
      <Body>
        <name>"ROB1"</name>
        <nodeID>"40"</nodeID>
        <status>""</status>
        <mass>0.738189</mass>
        <massUnits>"kg"</massUnits>
        <inertia>1.34309e-008,0,0,0,1.11526e-008,0,0,0,2.33532e-008</inertia>
        <inertiaUnits>"kg*m^2"</inertiaUnits>
        <volume>0.01875</volume>
        <volumeUnits>"mm^3"</volumeUnits>
        <surfaceArea>0.545711</surfaceArea>
        <surfaceAreaUnits>"mm^2"</surfaceAreaUnits>
        <frames>
          <Frame>
            <name>"CG"</name>
            <displayName>""</displayName>
            <nodeID>"40::CG(AUTOGEN)"</nodeID>
            <position>-0.231017,-0.50006,0.05</position>
            <positionOrigin>"WORLD"</positionOrigin>
            <positionReferenceFrame>"WORLD"</positionReferenceFrame>
            <positionUnits>"mm"</positionUnits>
            <orientation>0.999999,-0.00142586,0,0.00142586,0.999999,0,0,0,1</orientation>
            <orientationType>"3x3 Transform"</orientationType>
            <orientationUnits>"rad"</orientationUnits>
            <orientationReferenceFrame>"WORLD"</orientationReferenceFrame>
          </Frame>
          <Frame>
            <name>"CS1"</name>
            <displayName>""</displayName>
            <nodeID>"40::CS1(AUTOGEN)"</nodeID>
            <position>-0.175462,-0.50014,0</position>
            <positionOrigin>"WORLD"</positionOrigin>
            <positionReferenceFrame>"WORLD"</positionReferenceFrame>
            <positionUnits>"mm"</positionUnits>
            <orientation>0.999999,-0.00142586,0,0.00142586,0.999999,0,0,0,1</orientation>
            <orientationType>"3x3 Transform"</orientationType>
            <orientationUnits>"rad"</orientationUnits>
            <orientationReferenceFrame>"WORLD"</orientationReferenceFrame>
          </Frame>
          <Frame ref="4">
            <name>"CS2"</name>
            <displayName>""</displayName>
            <nodeID>":-:ASM0001/RootPart::40(AUTOGEN)"</nodeID>
            <position>0,0,0</position>
            <positionOrigin>"WORLD"</positionOrigin>
            <positionReferenceFrame>"WORLD"</positionReferenceFrame>
            <positionUnits>"mm"</positionUnits>
            <orientation>1,0,0,0,1,0,0,0,1</orientation>
            <orientationType>"3x3 Transform"</orientationType>
            <orientationUnits>"rad"</orientationUnits>
            <orientationReferenceFrame>"WORLD"</orientationReferenceFrame>
          </Frame>
        </frames>
        <geometryFileName>"ROB1_prt.stl"</geometryFileName>
        <MaterialProp>
          <color>0,1,0</color>
          <ambient>0.9</ambient>
          <diffuse>0.9</diffuse>
          <specular>0.5</specular>
          <shininess>0.5</shininess>
          <transparency>0</transparency>
          <emission>0.25</emission>
        </MaterialProp>
      </Body>
      <Body>
        <name>"ROB1-1"</name>
        <nodeID>"41"</nodeID>
        <status>""</status>
        <mass>0.738189</mass>
        <massUnits>"kg"</massUnits>
        <inertia>1.34309e-008,0,0,0,1.11526e-008,0,0,0,2.33532e-008</inertia>
        <inertiaUnits>"kg*m^2"</inertiaUnits>
        <volume>0.01875</volume>
        <volumeUnits>"mm^3"</volumeUnits>
        <surfaceArea>0.545711</surfaceArea>
        <surfaceAreaUnits>"mm^2"</surfaceAreaUnits>
        <frames>
          <Frame>
            <name>"CG"</name>
            <displayName>""</displayName>
            <nodeID>"41::CG(AUTOGEN)"</nodeID>
            <position>7.84444,-4.75,0.05</position>
            <positionOrigin>"WORLD"</positionOrigin>
            <positionReferenceFrame>"WORLD"</positionReferenceFrame>
            <positionUnits>"mm"</positionUnits>
            <orientation>1,0,0,0,1,0,0,0,1</orientation>
            <orientationType>"3x3 Transform"</orientationType>
            <orientationUnits>"rad"</orientationUnits>
            <orientationReferenceFrame>"WORLD"</orientationReferenceFrame>
          </Frame>
          <Frame>
            <name>"CS1"</name>
            <displayName>""</displayName>
            <nodeID>"41::CS1(AUTOGEN)"</nodeID>
            <position>7.9,-4.75,0</position>
            <positionOrigin>"WORLD"</positionOrigin>
            <positionReferenceFrame>"WORLD"</positionReferenceFrame>
            <positionUnits>"mm"</positionUnits>
            <orientation>1,0,0,0,1,0,0,0,1</orientation>
            <orientationType>"3x3 Transform"</orientationType>
            <orientationUnits>"rad"</orientationUnits>
            <orientationReferenceFrame>"WORLD"</orientationReferenceFrame>
          </Frame>
          <Frame ref="6">
            <name>"CS2"</name>
            <displayName>""</displayName>
            <nodeID>":-:ASM0001/RootPart::41(AUTOGEN)"</nodeID>
            <position>0,0,0</position>
            <positionOrigin>"WORLD"</positionOrigin>
            <positionReferenceFrame>"WORLD"</positionReferenceFrame>
            <positionUnits>"mm"</positionUnits>
            <orientation>1,0,0,0,1,0,0,0,1</orientation>
            <orientationType>"3x3 Transform"</orientationType>
            <orientationUnits>"rad"</orientationUnits>
            <orientationReferenceFrame>"WORLD"</orientationReferenceFrame>
          </Frame>
        </frames>
        <geometryFileName>"ROB1_prt.stl"</geometryFileName>
        <MaterialProp>
          <color>0,1,0</color>
          <ambient>0.9</ambient>
          <diffuse>0.9</diffuse>
          <specular>0.5</specular>
          <shininess>0.5</shininess>
          <transparency>0</transparency>
          <emission>0.25</emission>
        </MaterialProp>
      </Body>
      <Body>
        <name>"RootPart"</name>
        <nodeID>"ASM0001/RootPart"</nodeID>
        <status>""</status>
        <mass>0</mass>
        <massUnits>"kg"</massUnits>
        <inertia>0,0,0,0,0,0,0,0,0</inertia>
        <inertiaUnits>"kg*m^2"</inertiaUnits>
        <volume>0</volume>
        <volumeUnits>"mm^3"</volumeUnits>
        <surfaceArea>0</surfaceArea>
        <surfaceAreaUnits>"mm^2"</surfaceAreaUnits>
        <frames>
          <Frame>
            <name>"CG"</name>
            <displayName>""</displayName>
            <nodeID>"ASM0001/RootPart::CG(AUTOGEN)"</nodeID>
            <position>0.137592,-0.0948806,0.00662651</position>
            <positionOrigin>"WORLD"</positionOrigin>
            <positionReferenceFrame>"WORLD"</positionReferenceFrame>
            <positionUnits>"mm"</positionUnits>
            <orientation>1,0,0,0,1,0,0,0,1</orientation>
            <orientationType>"3x3 Transform"</orientationType>
            <orientationUnits>"rad"</orientationUnits>
            <orientationReferenceFrame>"WORLD"</orientationReferenceFrame>
          </Frame>
          <Frame>
            <name>"CS1"</name>
            <displayName>""</displayName>
            <nodeID>"ASM0001/RootPart::CS1(AUTOGEN)"</nodeID>
            <position>0,0,0</position>
            <positionOrigin>"WORLD"</positionOrigin>
            <positionReferenceFrame>"WORLD"</positionReferenceFrame>
            <positionUnits>"mm"</positionUnits>
            <orientation>1,0,0,0,1,0,0,0,1</orientation>
            <orientationType>"3x3 Transform"</orientationType>
            <orientationUnits>"rad"</orientationUnits>
            <orientationReferenceFrame>"WORLD"</orientationReferenceFrame>
          </Frame>
          <Frame ref="1">
            <name>"CS2"</name>
            <displayName>""</displayName>
            <nodeID>":-:39::ASM0001/RootPart(AUTOGEN)"</nodeID>
            <position>0.137592,-0.0948806,0.00662651</position>
            <positionOrigin>"WORLD"</positionOrigin>
            <positionReferenceFrame>"WORLD"</positionReferenceFrame>
            <positionUnits>"mm"</positionUnits>
            <orientation>1,0,0,0,1,0,0,0,1</orientation>
            <orientationType>"3x3 Transform"</orientationType>
            <orientationUnits>"rad"</orientationUnits>
            <orientationReferenceFrame>"WORLD"</orientationReferenceFrame>
          </Frame>
          <Frame ref="3">
            <name>"CS3"</name>
            <displayName>""</displayName>
            <nodeID>":-:ASM0001/RootPart::ASM0001/RootPart(AUTOGEN)"</nodeID>
            <position>0,0,0</position>
            <positionOrigin>"WORLD"</positionOrigin>
            <positionReferenceFrame>"WORLD"</positionReferenceFrame>
            <positionUnits>"mm"</positionUnits>
            <orientation>1,0,0,0,1,0,0,0,1</orientation>
            <orientationType>"3x3 Transform"</orientationType>
            <orientationUnits>"rad"</orientationUnits>
            <orientationReferenceFrame>"WORLD"</orientationReferenceFrame>
          </Frame>
          <Frame ref="5">
            <name>"CS4"</name>
            <displayName>""</displayName>
            <nodeID>":-:ASM0001/RootPart::ASM0001/RootPart(AUTOGEN)"</nodeID>
            <position>0,0,0</position>
            <positionOrigin>"WORLD"</positionOrigin>
            <positionReferenceFrame>"WORLD"</positionReferenceFrame>
            <positionUnits>"mm"</positionUnits>
            <orientation>1,0,0,0,1,0,0,0,1</orientation>
            <orientationType>"3x3 Transform"</orientationType>
            <orientationUnits>"rad"</orientationUnits>
            <orientationReferenceFrame>"WORLD"</orientationReferenceFrame>
          </Frame>
          <Frame ref="8">
            <name>"CS5"</name>
            <displayName>""</displayName>
            <nodeID>"ASM0001/RootPart:-:RootGround::ASM0001/RootPart(AUTOGEN)"</nodeID>
            <position>0.137592,-0.0948806,0.00662651</position>
            <positionOrigin>"WORLD"</positionOrigin>
            <positionReferenceFrame>"WORLD"</positionReferenceFrame>
            <positionUnits>"mm"</positionUnits>
            <orientation>1,0,0,0,1,0,0,0,1</orientation>
            <orientationType>"3x3 Transform"</orientationType>
            <orientationUnits>"rad"</orientationUnits>
            <orientationReferenceFrame>"WORLD"</orientationReferenceFrame>
          </Frame>
        </frames>
        <geometryFileName>""</geometryFileName>
      </Body>
    </bodies>
    <joints>
      <SimpleJoint>
        <name>"RootPart--GROUND"</name>
        <nodeID>":-:39"</nodeID>
        <status>"Could not solve for constraint between ASM0001 and GROUND because of CAD constrain "</status>
        <base>
          <JointSide>
            <name>""</name>
            <connection>
              <Frame ref="1"></Frame>
            </connection>
          </JointSide>
        </base>
        <follower>
          <JointSide>
            <name>""</name>
            <connection>
              <Frame ref="2"></Frame>
            </connection>
          </JointSide>
        </follower>
        <primitives>
          <Primitive>
            <name>"weld"</name>
            <nodeID>""</nodeID>
            <referenceFrame>"WORLD"</referenceFrame>
            <axis>0.57735,0.57735,0.57735</axis>
          </Primitive>
        </primitives>
      </SimpleJoint>
      <SimpleJoint>
        <name>"RootPart--ROB1"</name>
        <nodeID>":-:ASM0001/RootPart"</nodeID>
        <status>""</status>
        <base>
          <JointSide>
            <name>""</name>
            <connection>
              <Frame ref="3"></Frame>
            </connection>
          </JointSide>
        </base>
        <follower>
          <JointSide>
            <name>""</name>
            <connection>
              <Frame ref="4"></Frame>
            </connection>
          </JointSide>
        </follower>
        <primitives>
          <Primitive>
            <name>"prismatic"</name>
            <nodeID>""</nodeID>
            <referenceFrame>"WORLD"</referenceFrame>
            <axis>-1,0,0</axis>
          </Primitive>
          <Primitive>
            <name>"prismatic"</name>
            <nodeID>""</nodeID>
            <referenceFrame>"WORLD"</referenceFrame>
            <axis>0,-1,0</axis>
          </Primitive>
          <Primitive>
            <name>"revolute"</name>
            <nodeID>""</nodeID>
            <referenceFrame>"WORLD"</referenceFrame>
            <axis>0,0,1</axis>
          </Primitive>
        </primitives>
      </SimpleJoint>
      <SimpleJoint>
        <name>"RootPart--ROB1-1"</name>
        <nodeID>":-:ASM0001/RootPart"</nodeID>
        <status>""</status>
        <base>
          <JointSide>
            <name>""</name>
            <connection>
              <Frame ref="5"></Frame>
            </connection>
          </JointSide>
        </base>
        <follower>
          <JointSide>
            <name>""</name>
            <connection>
              <Frame ref="6"></Frame>
            </connection>
          </JointSide>
        </follower>
        <primitives>
          <Primitive>
            <name>"prismatic"</name>
            <nodeID>""</nodeID>
            <referenceFrame>"WORLD"</referenceFrame>
            <axis>-1,0,0</axis>
          </Primitive>
          <Primitive>
            <name>"prismatic"</name>
            <nodeID>""</nodeID>
            <referenceFrame>"WORLD"</referenceFrame>
            <axis>0,-1,0</axis>
          </Primitive>
          <Primitive>
            <name>"revolute"</name>
            <nodeID>""</nodeID>
            <referenceFrame>"WORLD"</referenceFrame>
            <axis>0,0,1</axis>
          </Primitive>
        </primitives>
      </SimpleJoint>
      <SimpleJoint>
        <name>"RootGround--RootPart"</name>
        <nodeID>"ASM0001/RootPart:-:RootGround"</nodeID>
        <status>""</status>
        <base>
          <JointSide>
            <name>""</name>
            <connection>
              <Frame ref="7"></Frame>
            </connection>
          </JointSide>
        </base>
        <follower>
          <JointSide>
            <name>""</name>
            <connection>
              <Frame ref="8"></Frame>
            </connection>
          </JointSide>
        </follower>
        <primitives>
          <Primitive>
            <name>"weld"</name>
            <nodeID>""</nodeID>
            <referenceFrame>"WORLD"</referenceFrame>
            <axis>0.57735,0.57735,0.57735</axis>
          </Primitive>
        </primitives>
      </SimpleJoint>
    </joints>
    <grounds>
      <Ground>
        <name>"RootGround"</name>
        <nodeID>"RootGround"</nodeID>
        <status>""</status>
        <frame>
          <Frame ref="7">
            <name>"CS1"</name>
            <displayName>""</displayName>
            <nodeID>"ASM0001/RootPart:-:RootGround::RootGround(AUTOGEN)"</nodeID>
            <position>0.137592,-0.0948806,0.00662651</position>
            <positionOrigin>"WORLD"</positionOrigin>
            <positionReferenceFrame>"WORLD"</positionReferenceFrame>
            <positionUnits>"mm"</positionUnits>
            <orientation>1,0,0,0,1,0,0,0,1</orientation>
            <orientationType>"3x3 Transform"</orientationType>
            <orientationUnits>"rad"</orientationUnits>
            <orientationReferenceFrame>"WORLD"</orientationReferenceFrame>
          </Frame>
        </frame>
      </Ground>
    </grounds>
    <subsystems></subsystems>
    <connectionPorts></connectionPorts>
    <id>0</id>
  </SimMechanics>

</PhysicalModelingXMLFile>
